"decimalLon","decimalLat","bio6","bio14","cmi_max"
-62.00621248634,-39.054256977124,NA,NA,NA
-62.140959778958,-39.009341212918,NA,NA,NA
-65.419810565996,-38.784762391888,2766,191,-214
-65.509642094408,-38.784762391888,2768,185,-199
-64.790989867112,-38.784762391888,2767,201,-206
-64.431663753464,-38.380520514034,2767,215,-215
-69.282566287712,-38.380520514034,2735,127,-68
-64.656242574494,-38.335604749828,2765,209,-229
-69.1927347593,-38.335604749828,2743,128,-64
-69.372397816124,-38.20085745721,2716,153,-97
-61.961296722134,-38.155941693004,2744,415,-42
-61.78163366531,-38.155941693004,2763,290,-69
-61.961296722134,-38.155941693004,2744,415,-42
-62.140959778958,-38.155941693004,2762,409,-17
-65.734220915438,-38.111025928798,2769,196,-233
-61.826549429516,-38.111025928798,2759,295,-108
-61.916380957928,-38.066110164592,2756,337,-1
-62.140959778958,-38.066110164592,2756,422,72
-62.00621248634,-38.066110164592,2748,391,112
-62.185875543164,-38.021194400386,2759,387,43
-65.554557858614,-38.021194400386,2762,223,-226
-65.554557858614,-38.021194400386,2762,223,-226
-65.59947362282,-37.97627863618,2762,225,-206
-65.554557858614,-37.97627863618,2762,221,-218
-62.275707071576,-37.931362871974,2759,364,58
-69.282566287712,-37.886447107768,2750,124,-99
-68.51899829621,-37.886447107768,2753,160,-106
-65.464726330202,-37.886447107768,2765,183,-236
-62.140959778958,-37.796615579356,2751,315,-16
-68.878324409858,-37.75169981515,2688,233,-63
-68.474082532004,-37.706784050944,2752,154,-127
-68.833408645652,-37.661868286738,2716,166,-206
-63.533348469344,-37.661868286738,2767,229,-45
-68.74357711724,-37.616952522532,2731,154,-206
-68.608829824622,-37.52712099412,2745,137,-167
-65.105400216554,-37.482205229914,2765,186,-252
-65.060484452348,-37.437289465708,2766,176,-252
-69.282566287712,-37.437289465708,2717,126,-116
-70.585123449686,-37.392373701502,2702,102,685
-67.216441134236,-37.392373701502,2762,129,-225
-68.474082532004,-37.392373701502,2744,124,-227
-59.131603577156,-37.392373701502,2766,411,114
-64.611326810288,-37.347457937296,2767,180,-236
-68.923240174064,-37.347457937296,2737,119,-175
-64.431663753464,-37.167794880472,2767,195,-218
-64.296916460846,-37.033047587854,2767,203,-211
-64.25200069664,-36.943216059442,2769,188,-111
-64.25200069664,-36.898300295236,2769,181,-201
-64.296916460846,-36.85338453103,2770,182,-196
-64.296916460846,-36.718637238412,2771,175,-221
-64.386747989258,-36.673721474206,2770,164,-196
-69.507145108742,-36.494058417382,2721,274,150
-69.1927347593,-36.494058417382,2670,313,-2
-69.372397816124,-36.449142653176,2670,392,162
-69.462229344536,-36.40422688897,2663,412,272
-69.237650523506,-36.359311124764,2652,364,-33
-69.327482051918,-36.314395360558,2693,285,-21
-69.41731358033,-36.224563832146,2680,271,82
-68.653745588828,-36.17964806794,2709,162,-336
-69.372397816124,-36.17964806794,2685,261,27
-69.1927347593,-36.134732303734,2704,177,-142
-69.327482051918,-36.134732303734,2685,245,0
-68.339335239386,-36.134732303734,2734,146,-271
-69.552060872948,-36.089816539528,2666,275,275
-69.1927347593,-36.089816539528,2695,194,-131
-69.41731358033,-36.044900775322,2642,294,149
-69.147818995094,-36.044900775322,2699,168,-158
-68.788492881446,-36.044900775322,2704,186,-188
-69.1927347593,-35.95506924691,2692,179,-156
-68.51899829621,-34.787259377554,2720,126,-264
-70.450376157068,-34.742343613348,2684,132,3759
-70.405460392862,-34.742343613348,2710,126,3398
-68.563914060416,-34.697427849142,2725,125,-284
-68.563914060416,-34.697427849142,2725,125,-284
-68.159672182562,-34.60759632073,2757,124,-276
-70.360544628656,-34.562680556524,2626,131,4543
-70.405460392862,-34.517764792318,2665,89,3396
-68.788492881446,-34.517764792318,2706,161,-217
-70.450376157068,-34.472849028112,2649,109,4728
-70.405460392862,-34.472849028112,2679,85,3097
-66.857115020588,-34.427933263906,2781,90,-277
-69.462229344536,-34.248270207082,2600,344,585
-69.86647122239,-34.248270207082,2581,241,3328
-69.462229344536,-34.248270207082,2600,344,585
-69.86647122239,-34.203354442876,2601,205,2872
-69.731723929772,-34.203354442876,2610,226,1694
-69.552060872948,-34.203354442876,2588,279,869
-69.686808165566,-34.15843867867,2610,190,1116
-69.552060872948,-34.15843867867,2574,310,1111
-70.09105004342,-33.799112565022,2635,145,2765
-70.31562886445,-33.754196800816,2689,72,1928
-69.596976637154,-33.619449508198,2533,354,1215
-69.686808165566,-33.619449508198,2602,221,987
-69.911386986596,-33.619449508198,2627,173,2100
-70.630039213892,-33.574533743992,2758,22,1136
-69.1927347593,-33.349954922962,2718,185,-187
-71.393607205394,-33.215207630344,2790,8,1068
-71.483438733806,-33.170291866138,2801,6,801
-69.372397816124,-33.080460337726,2565,279,437
-69.776639693978,-33.080460337726,2633,176,1126
-69.372397816124,-33.03554457352,2563,283,403
-70.046134279214,-32.990628809314,2569,236,2612
-69.372397816124,-32.990628809314,2578,257,314
-69.372397816124,-32.990628809314,2578,257,314
-70.180881571832,-32.945713045108,2588,219,3098
-69.237650523506,-32.945713045108,2715,111,-395
-70.09105004342,-32.900797280902,2632,194,2335
-70.046134279214,-32.900797280902,2588,244,2809
-69.776639693978,-32.855881516696,2643,134,747
-69.327482051918,-32.855881516696,2676,135,-352
-70.225797336038,-32.855881516696,2642,143,1958
-69.282566287712,-32.855881516696,2674,143,-390
-68.96815593827,-32.81096575249,2698,86,-441
-70.046134279214,-32.81096575249,2624,226,2350
-68.96815593827,-32.81096575249,2698,86,-441
-69.057987466682,-32.81096575249,2654,127,-257
-69.327482051918,-32.766049988284,2715,95,-332
-70.09105004342,-32.766049988284,2612,230,2430
-68.833408645652,-32.721134224078,2763,75,-340
-69.147818995094,-32.676218459872,2634,181,-200
-68.878324409858,-32.676218459872,2758,72,-363
-69.1927347593,-32.631302695666,2641,166,-235
-69.911386986596,-32.631302695666,2572,243,1706
-69.821555458184,-32.631302695666,2582,193,1177
-69.327482051918,-32.631302695666,2688,88,-381
-70.54020768548,-32.58638693146,2655,96,1035
-69.327482051918,-32.58638693146,2696,82,-362
-70.360544628656,-32.58638693146,2612,203,2036
-69.552060872948,-32.541471167254,2575,197,591
-67.126609605824,-32.541471167254,2789,23,-589
-68.96815593827,-32.541471167254,2730,69,-327
-67.036778077412,-32.541471167254,2774,29,-577
-69.013071702476,-32.541471167254,2693,79,-378
-69.057987466682,-32.496555403048,2649,99,-343
-69.057987466682,-32.496555403048,2649,99,-343
-67.081693841618,-32.496555403048,2784,25,-632
-66.991862313206,-32.496555403048,2777,28,-512
-69.057987466682,-32.496555403048,2649,99,-343
-69.596976637154,-32.496555403048,2570,182,492
-68.878324409858,-32.451639638842,2734,74,-283
-70.405460392862,-32.451639638842,2670,161,1265
-70.495291921274,-32.406723874636,2668,123,1168
-70.270713100244,-32.406723874636,2593,322,2495
-70.360544628656,-32.406723874636,2603,253,2145
-69.372397816124,-32.316892346224,2688,92,-357
-69.372397816124,-32.271976582018,2689,93,-361
-70.630039213892,-32.271976582018,2710,74,1065
-69.372397816124,-32.227060817812,2689,97,-376
-69.102903230888,-32.182145053606,2659,109,-336
-69.462229344536,-32.182145053606,2672,95,-319
-69.327482051918,-32.182145053606,2698,87,-456
-69.86647122239,-32.092313525194,2647,181,604
-69.372397816124,-32.092313525194,2705,80,-454
-69.372397816124,-31.957566232576,2723,68,-484
-70.001218515008,-31.91265046837,2628,180,853
-70.495291921274,-31.867734704164,2627,200,1319
-70.674954978098,-31.822818939958,2714,99,444
-70.674954978098,-31.822818939958,2714,99,444
-69.372397816124,-31.822818939958,2717,87,-313
-69.372397816124,-31.822818939958,2717,87,-313
-70.585123449686,-31.777903175752,2664,159,971
-69.372397816124,-31.777903175752,2714,93,-280
-70.495291921274,-31.777903175752,2612,239,1628
-69.147818995094,-31.777903175752,2636,125,-262
-69.237650523506,-31.777903175752,2676,126,-179
-70.674954978098,-31.777903175752,2715,107,667
-68.923240174064,-31.777903175752,2706,73,-425
-70.585123449686,-31.68807164734,2608,252,1539
-70.674954978098,-31.68807164734,2716,124,556
-70.54020768548,-31.68807164734,2592,299,1874
-70.630039213892,-31.643155883134,2668,176,959
-69.776639693978,-31.328745533692,2632,133,116
-69.64189240136,-31.23891400528,2675,150,-131
-64.47657951767,-31.149082476868,2776,56,45
-69.102903230888,-30.969419420044,2642,89,-332
-67.441019955266,-30.879587891632,2751,27,-544
-69.057987466682,-30.879587891632,2647,84,-429
-71.618186026424,-30.834672127426,2812,7,-6
-69.057987466682,-30.834672127426,2658,81,-412
-71.66310179063,-30.699924834808,2809,5,-233
-71.708017554836,-30.699924834808,NA,NA,NA
-71.66310179063,-30.655009070602,2813,4,-52
-71.66310179063,-30.655009070602,2813,4,-52
-67.485935719472,-30.655009070602,2765,22,-395
-67.710514540502,-30.34059872116,2751,20,-402
-69.776639693978,-30.205851428542,2541,291,836
-68.06984065415,-30.205851428542,2768,20,-597
-69.86647122239,-30.160935664336,2583,254,985
-67.84526183312,-30.160935664336,2748,14,-599
-67.710514540502,-30.160935664336,2755,14,-535
-67.890177597326,-30.160935664336,2743,17,-582
-68.024924889944,-30.160935664336,2754,19,-680
-67.755430304708,-30.071104135924,2755,13,-606
-67.84526183312,-30.071104135924,2747,12,-644
-71.169028384364,-29.981272607512,2813,8,39
-67.890177597326,-29.936356843306,2754,12,-690
-67.84526183312,-29.936356843306,2758,11,-668
-67.84526183312,-29.8914410791,2760,12,-629
-68.74357711724,-29.8914410791,2726,36,-366
-70.046134279214,-29.846525314894,2604,280,944
-67.935093361532,-29.846525314894,2758,12,-686
-69.911386986596,-29.846525314894,2557,259,1056
-67.84526183312,-29.801609550688,2759,15,-521
-67.980009125738,-29.756693786482,2763,14,-672
-71.303775676982,-29.711778022276,2831,15,-29
-67.575767247884,-29.711778022276,2696,33,-458
-71.303775676982,-29.532114965452,2830,19,-165
-70.495291921274,-29.487199201246,2657,190,513
-68.024924889944,-29.487199201246,2780,20,-593
-70.630039213892,-29.487199201246,2730,106,32
-70.495291921274,-29.44228343704,2667,169,431
-71.21394414857,-29.44228343704,2822,20,-104
-71.079196855952,-29.44228343704,2821,20,-175
-70.809702270716,-29.44228343704,2809,37,-186
-70.98936532754,-29.397367672834,2822,24,-306
-66.857115020588,-29.397367672834,2801,33,-411
-70.450376157068,-29.397367672834,2626,215,868
-70.98936532754,-29.352451908628,2823,22,-323
-71.303775676982,-29.352451908628,2826,22,-255
-71.124112620158,-29.352451908628,2824,16,-215
-70.135965807626,-29.352451908628,2621,217,961
-69.282566287712,-29.352451908628,2605,59,-259
-71.258859912776,-29.352451908628,2821,21,-204
-67.755430304708,-29.352451908628,2741,62,-538
-70.360544628656,-29.307536144422,2712,123,69
-71.21394414857,-29.307536144422,2817,18,-167
-71.303775676982,-29.307536144422,2823,19,-269
-71.258859912776,-29.307536144422,2820,19,-143
-71.303775676982,-29.307536144422,2823,19,-269
-71.079196855952,-29.307536144422,2802,19,-340
-71.034281091746,-29.262620380216,2817,15,-253
-71.169028384364,-29.262620380216,2815,16,-169
-71.528354498012,-29.262620380216,NA,NA,NA
-70.719870742304,-29.262620380216,2741,48,-251
-69.372397816124,-29.262620380216,2592,60,-156
-71.4385229696,-29.262620380216,NA,NA,NA
-70.405460392862,-29.262620380216,2664,189,711
-69.372397816124,-29.262620380216,2592,60,-156
-71.079196855952,-29.262620380216,2806,17,-255
-71.034281091746,-29.21770461601,2806,13,-318
-70.450376157068,-29.21770461601,2613,181,798
-71.4385229696,-29.21770461601,2837,16,-333
-71.124112620158,-29.172788851804,2797,14,-345
-69.327482051918,-29.172788851804,2572,67,-96
-70.98936532754,-29.127873087598,2788,11,-499
-71.21394414857,-29.127873087598,2809,13,-240
-71.348691441188,-29.127873087598,2823,17,-320
-71.483438733806,-29.082957323392,2840,12,-411
-71.4385229696,-29.038041559186,2836,15,-352
-70.674954978098,-29.038041559186,2724,46,-220
-67.755430304708,-29.038041559186,2667,116,195
-67.755430304708,-28.99312579498,2637,112,243
-70.98936532754,-28.99312579498,2804,6,-424
-71.348691441188,-28.948210030774,2821,9,-311
-71.258859912776,-28.948210030774,2808,6,-278
-71.4385229696,-28.948210030774,2837,13,-379
-67.530851483678,-28.948210030774,2786,80,-36
-71.4385229696,-28.813462738156,2842,8,-630
-70.854618034922,-28.813462738156,2794,7,-390
-69.147818995094,-28.813462738156,2621,39,-341
-70.899533799128,-28.813462738156,2795,5,-438
-71.124112620158,-28.813462738156,2795,3,-403
-69.147818995094,-28.813462738156,2621,39,-341
-69.147818995094,-28.813462738156,2621,39,-341
-70.98936532754,-28.813462738156,2790,4,-365
-70.899533799128,-28.813462738156,2795,5,-438
-69.237650523506,-28.76854697395,2600,59,-167
-71.124112620158,-28.76854697395,2800,2,-265
-69.282566287712,-28.76854697395,2574,76,-32
-70.98936532754,-28.723631209744,2778,2,-532
-70.98936532754,-28.678715445538,2796,2,-221
-68.29441947518,-28.678715445538,2753,22,-575
-69.327482051918,-28.678715445538,2575,84,100
-71.21394414857,-28.678715445538,2806,3,-404
-70.899533799128,-28.633799681332,2805,2,-392
-70.09105004342,-28.633799681332,2619,250,915
-70.899533799128,-28.588883917126,2804,1,-395
-70.944449563334,-28.588883917126,2797,1,-469
-68.698661353034,-28.588883917126,2680,70,-505
-70.54020768548,-28.54396815292,2775,22,-159
-70.944449563334,-28.54396815292,2800,1,-458
-68.833408645652,-28.499052388714,2620,70,-452
-70.899533799128,-28.499052388714,2795,1,-382
-71.169028384364,-28.454136624508,2816,3,-328
-68.878324409858,-28.409220860302,2580,70,-261
-68.878324409858,-28.409220860302,2580,70,-261
-66.04863126488,-28.409220860302,2602,50,420
-69.956302750802,-28.409220860302,2683,186,526
-70.854618034922,-28.409220860302,2798,2,-326
-70.630039213892,-28.364305096096,2809,7,-310
-70.630039213892,-28.364305096096,2809,7,-310
-70.76478650651,-28.364305096096,2807,2,-352
-70.719870742304,-28.31938933189,2812,2,-344
-68.833408645652,-28.31938933189,2587,71,-283
-70.76478650651,-28.31938933189,2811,2,-371
-68.833408645652,-28.31938933189,2587,71,-283
-70.719870742304,-28.274473567684,2815,2,-376
-71.034281091746,-28.274473567684,2811,5,-370
-70.944449563334,-28.229557803478,2807,2,-392
-67.081693841618,-28.229557803478,2786,8,-678
-70.54020768548,-28.229557803478,2825,5,-305
-71.079196855952,-28.229557803478,2819,7,-332
-70.54020768548,-28.184642039272,2821,4,-275
-70.674954978098,-28.184642039272,2817,2,-412
-70.585123449686,-28.184642039272,2820,3,-399
-71.169028384364,-28.184642039272,NA,NA,NA
-70.674954978098,-28.139726275066,2814,2,-451
-70.98936532754,-28.139726275066,2809,3,-331
-70.944449563334,-28.139726275066,2807,2,-358
-69.64189240136,-28.139726275066,2685,99,321
-71.034281091746,-28.09481051086,2816,6,-374
-71.034281091746,-28.09481051086,2816,6,-374
-70.585123449686,-28.09481051086,2813,2,-404
-70.54020768548,-28.049894746654,2810,2,-376
-71.079196855952,-28.049894746654,2823,7,-321
-70.046134279214,-28.004978982448,2703,27,-171
-70.630039213892,-27.960063218242,2805,1,-418
-70.54020768548,-27.960063218242,2807,2,-432
-70.899533799128,-27.915147454036,2810,2,-473
-70.585123449686,-27.87023168983,2805,2,-450
-71.079196855952,-27.87023168983,2833,8,-462
-70.719870742304,-27.87023168983,2803,1,-487
-70.54020768548,-27.825315925624,2805,2,-452
-70.944449563334,-27.825315925624,2821,5,-463
-70.944449563334,-27.780400161418,2824,6,-526
-69.282566287712,-27.780400161418,2585,160,184
-70.809702270716,-27.780400161418,2810,2,-484
-70.495291921274,-27.780400161418,2803,2,-369
-70.98936532754,-27.735484397212,2831,6,-494
-67.980009125738,-27.735484397212,2668,24,-534
-68.159672182562,-27.735484397212,2651,37,-514
-70.001218515008,-27.735484397212,2747,30,-182
-67.890177597326,-27.735484397212,2674,21,-647
-71.034281091746,-27.690568633006,NA,NA,NA
-68.159672182562,-27.690568633006,2653,36,-558
-70.450376157068,-27.690568633006,2797,2,-371
-67.17152537003,-27.690568633006,2805,12,-451
-70.674954978098,-27.690568633006,2803,2,-475
-69.686808165566,-27.6456528688,2661,122,59
-70.809702270716,-27.6456528688,2813,3,-490
-70.899533799128,-27.6456528688,2824,4,-514
-68.204587946768,-27.6456528688,2614,43,-405
-69.282566287712,-27.600737104594,2605,150,258
-69.102903230888,-27.600737104594,2555,107,163
-70.809702270716,-27.600737104594,2816,4,-476
-70.54020768548,-27.600737104594,2801,2,-443
-70.450376157068,-27.555821340388,2797,2,-334
-69.507145108742,-27.555821340388,2612,143,125
-70.046134279214,-27.555821340388,2760,18,-240
-68.159672182562,-27.555821340388,2626,41,-461
-70.630039213892,-27.555821340388,2803,2,-506
-70.674954978098,-27.555821340388,2804,2,-489
-69.057987466682,-27.555821340388,2577,95,130
-69.282566287712,-27.510905576182,2580,148,247
-70.270713100244,-27.465989811976,2816,3,-375
-69.057987466682,-27.465989811976,2592,89,75
-69.237650523506,-27.465989811976,2597,106,36
-69.237650523506,-27.465989811976,2597,106,36
-69.237650523506,-27.42107404777,2591,109,89
-69.013071702476,-27.376158283564,2588,75,-28
-69.1927347593,-27.286326755152,2561,106,159
-68.114756418356,-27.241410990946,2616,31,-413
-68.114756418356,-27.151579462534,2598,28,-315
-69.013071702476,-27.151579462534,2575,84,1
-69.327482051918,-27.151579462534,2582,93,-33
-70.944449563334,-27.151579462534,2850,9,-428
-69.372397816124,-27.151579462534,2622,87,-93
-69.1927347593,-27.061747934122,2581,76,-23
-68.923240174064,-27.061747934122,2573,89,37
-68.96815593827,-27.061747934122,2589,80,-34
-69.057987466682,-27.016832169916,2597,65,-164
-70.76478650651,-26.97191640571,2843,14,-420
-68.114756418356,-26.927000641504,2614,18,-443
-69.237650523506,-26.882084877298,2609,71,-144
-68.29441947518,-26.882084877298,2569,48,-276
-68.923240174064,-26.837169113092,2565,83,6
-70.630039213892,-26.792253348886,2829,17,-506
-65.734220915438,-26.74733758468,2700,113,2197
-70.495291921274,-26.74733758468,2799,7,-421
-70.405460392862,-26.702421820474,2806,2,-503
-65.734220915438,-26.702421820474,2652,98,1985
-69.596976637154,-26.702421820474,2703,29,-402
-69.686808165566,-26.702421820474,2745,17,-474
-70.495291921274,-26.657506056268,2806,8,-434
-65.779136679644,-26.657506056268,2693,75,1851
-70.270713100244,-26.612590292062,2806,0,-435
-70.54020768548,-26.612590292062,2815,12,-413
-69.237650523506,-26.612590292062,2567,56,-95
-70.585123449686,-26.567674527856,2821,20,-358
-70.360544628656,-26.567674527856,2804,1,-573
-70.360544628656,-26.567674527856,2804,1,-573
-70.674954978098,-26.567674527856,2841,26,-351
-68.878324409858,-26.52275876365,2603,56,-207
-70.674954978098,-26.477842999444,2842,32,-428
-70.674954978098,-26.477842999444,2842,32,-428
-70.31562886445,-26.477842999444,2804,0,-597
-70.495291921274,-26.477842999444,2801,12,-449
-69.327482051918,-26.477842999444,2640,38,-213
-66.04863126488,-26.477842999444,2778,15,-201
-69.821555458184,-26.477842999444,2794,4,-585
-70.270713100244,-26.432927235238,2817,0,-602
-70.135965807626,-26.432927235238,2824,0,-643
-69.282566287712,-26.388011471032,2616,41,-114
-70.09105004342,-26.388011471032,2819,0,-531
-69.41731358033,-26.388011471032,2698,23,-344
-69.507145108742,-26.343095706826,2707,18,-340
-69.237650523506,-26.343095706826,2634,34,-269
-69.237650523506,-26.29817994262,2636,32,-292
-69.507145108742,-26.29817994262,2682,18,-376
-69.237650523506,-26.29817994262,2636,32,-292
-70.585123449686,-26.253264178414,2814,31,-346
-70.495291921274,-26.163432650002,2794,16,-530
-70.674954978098,-26.163432650002,NA,NA,NA
-70.674954978098,-26.118516885796,NA,NA,NA
-70.54020768548,-26.07360112159,2803,22,-442
-70.630039213892,-26.07360112159,2829,41,-574
-65.868968208056,-26.07360112159,2799,21,-682
-70.585123449686,-25.983769593178,2816,29,-556
-70.585123449686,-25.983769593178,2816,29,-556
-65.734220915438,-25.983769593178,2774,34,-366
-70.630039213892,-25.893938064766,2828,26,-383
-70.674954978098,-25.84902230056,2840,24,-418
-65.779136679644,-25.84902230056,2755,31,148
-70.674954978098,-25.804106536354,2841,20,-470
-65.554557858614,-25.579527715324,2807,32,-11
-66.228294321704,-25.579527715324,2761,40,-206
-70.135965807626,-25.489696186912,2771,1,-612
-70.495291921274,-25.3998646585,NA,NA,NA
-70.450376157068,-25.310033130088,NA,NA,NA
-64.7011583387,-25.265117365882,2813,40,406
-65.958799736468,-25.220201601676,2732,38,1077
-66.093547029086,-25.220201601676,2744,36,739
-66.003715500674,-25.220201601676,2739,42,1368
-65.82405244385,-25.220201601676,2724,40,935
-65.868968208056,-25.220201601676,2704,36,838
-66.003715500674,-25.17528583747,2740,48,1807
-65.868968208056,-25.17528583747,2695,36,818
-69.911386986596,-25.17528583747,2780,2,-787
-70.450376157068,-25.17528583747,NA,NA,NA
-66.183378557498,-25.130370073264,2759,26,290
-70.450376157068,-25.130370073264,2855,27,-303
-66.04863126488,-25.085454309058,2756,36,941
-70.450376157068,-25.040538544852,2853,28,-636
-70.405460392862,-25.040538544852,2831,27,-581
-66.093547029086,-25.040538544852,2766,24,302
-69.102903230888,-24.95070701644,2646,9,-444
-69.057987466682,-24.95070701644,2648,6,-495
-69.013071702476,-24.860875488028,2668,4,-548
-70.54020768548,-24.815959723822,2882,17,-681
-69.41731358033,-24.771043959616,2726,2,-630
-66.183378557498,-24.771043959616,2745,12,49
-69.237650523506,-24.681212431204,2682,4,-576
-65.37489480179,-24.681212431204,2784,45,1032
-68.608829824622,-24.546465138586,2628,19,-235
-70.54020768548,-24.546465138586,2868,20,-619
-66.228294321704,-24.456633610174,2632,7,411
-66.542704671146,-24.366802081762,2663,8,-247
-66.677451963764,-24.366802081762,2635,10,-104
-66.093547029086,-24.321886317556,2689,4,-81
-65.868968208056,-24.187139024938,2731,13,588
-67.62068301209,-24.142223260732,2673,11,-624
-68.249503710974,-24.097307496526,2719,11,-404
-65.509642094408,-24.05239173232,2720,181,3044
-66.228294321704,-23.962560203908,2683,3,-334
-67.800346068914,-23.872728675496,2673,41,-379
-69.147818995094,-23.872728675496,2717,1,-598
-67.84526183312,-23.82781291129,2676,41,-313
-67.800346068914,-23.782897147084,2660,49,-300
-65.689305151232,-23.693065618672,2693,38,766
-67.800346068914,-23.693065618672,2670,44,-333
-65.59947362282,-23.693065618672,2725,51,1158
-65.779136679644,-23.648149854466,2707,18,617
-65.554557858614,-23.60323409026,2687,45,879
-65.37489480179,-23.60323409026,2730,86,715
-65.285063273378,-23.60323409026,2637,135,1985
-67.755430304708,-23.513402561848,2653,45,-150
-67.980009125738,-23.468486797642,2756,21,-491
-65.105400216554,-23.37865526923,2705,103,2358
-65.015568688142,-23.37865526923,2699,100,2211
-67.530851483678,-23.333739505024,2618,28,-254
-65.015568688142,-23.288823740818,2653,133,2912
-65.060484452348,-23.288823740818,2696,119,2544
-65.779136679644,-23.243907976612,2671,7,682
-65.464726330202,-22.974413391376,2715,12,481
-66.228294321704,-22.660003041934,2663,4,1025
-65.464726330202,-22.121013871462,2730,8,395
-65.464726330202,-21.043035530518,2691,22,817
-62.00621248634,-20.189636010604,2882,103,-413
-62.545201656812,-19.920141425368,2877,117,-143
